--
-- PostgreSQL database dump
--

-- Dumped from database version 17.5
-- Dumped by pg_dump version 17.5

-- Started on 2025-09-07 20:33:25

SET statement_timeout = 0;
SET lock_timeout = 0;
SET idle_in_transaction_session_timeout = 0;
SET transaction_timeout = 0;
SET client_encoding = 'UTF8';
SET standard_conforming_strings = on;
SELECT pg_catalog.set_config('search_path', '', false);
SET check_function_bodies = false;
SET xmloption = content;
SET client_min_messages = warning;
SET row_security = off;

SET default_tablespace = '';

SET default_table_access_method = heap;

--
-- TOC entry 232 (class 1259 OID 18171)
-- Name: batteries; Type: TABLE; Schema: public; Owner: postgres
--

CREATE TABLE public.batteries (
    battery_id integer NOT NULL,
    device_id integer NOT NULL,
    capacity_mah integer NOT NULL,
    fast_charging_w real NOT NULL,
    wireless_charging boolean NOT NULL,
    estimated_life_hours real NOT NULL,
    CONSTRAINT batteries_capacity_mah_check CHECK (((capacity_mah >= 1) AND (capacity_mah <= 20000))),
    CONSTRAINT batteries_estimated_life_hours_check CHECK (((estimated_life_hours >= (0.0)::double precision) AND (estimated_life_hours <= (240.0)::double precision))),
    CONSTRAINT batteries_fast_charging_w_check CHECK (((fast_charging_w >= (0.0)::double precision) AND (fast_charging_w <= (200.0)::double precision)))
);


ALTER TABLE public.batteries OWNER TO postgres;

--
-- TOC entry 249 (class 1259 OID 18227)
-- Name: batteries_battery_id_seq; Type: SEQUENCE; Schema: public; Owner: postgres
--

ALTER TABLE public.batteries ALTER COLUMN battery_id ADD GENERATED BY DEFAULT AS IDENTITY (
    SEQUENCE NAME public.batteries_battery_id_seq
    START WITH 1
    INCREMENT BY 1
    NO MINVALUE
    NO MAXVALUE
    CACHE 1
);


--
-- TOC entry 231 (class 1259 OID 18153)
-- Name: cameras; Type: TABLE; Schema: public; Owner: postgres
--

CREATE TABLE public.cameras (
    camera_id integer NOT NULL,
    device_id integer NOT NULL,
    megapixels_main real NOT NULL,
    aperture_main text NOT NULL,
    optical_zoom_x real NOT NULL,
    video_resolution text NOT NULL,
    has_ai_enhance boolean NOT NULL,
    CONSTRAINT cameras_aperture_main_check CHECK (((length(aperture_main) >= 2) AND (length(aperture_main) <= 5))),
    CONSTRAINT cameras_megapixels_main_check CHECK (((megapixels_main >= (2.0)::double precision) AND (megapixels_main <= (200.0)::double precision))),
    CONSTRAINT cameras_optical_zoom_x_check CHECK (((optical_zoom_x >= (0.0)::double precision) AND (optical_zoom_x <= (144.0)::double precision))),
    CONSTRAINT cameras_video_resolution_check CHECK (((length(video_resolution) >= 7) AND (length(video_resolution) <= 11)))
);


ALTER TABLE public.cameras OWNER TO postgres;

--
-- TOC entry 248 (class 1259 OID 18226)
-- Name: cameras_camera_id_seq; Type: SEQUENCE; Schema: public; Owner: postgres
--

ALTER TABLE public.cameras ALTER COLUMN camera_id ADD GENERATED BY DEFAULT AS IDENTITY (
    SEQUENCE NAME public.cameras_camera_id_seq
    START WITH 1
    INCREMENT BY 1
    NO MINVALUE
    NO MAXVALUE
    CACHE 1
);


--
-- TOC entry 223 (class 1259 OID 18017)
-- Name: categories; Type: TABLE; Schema: public; Owner: postgres
--

CREATE TABLE public.categories (
    category_id integer NOT NULL,
    name text NOT NULL,
    description text,
    CONSTRAINT categories_name_check CHECK (((length(name) >= 1) AND (length(name) <= 50)))
);


ALTER TABLE public.categories OWNER TO postgres;

--
-- TOC entry 237 (class 1259 OID 18215)
-- Name: categories_category_id_seq; Type: SEQUENCE; Schema: public; Owner: postgres
--

ALTER TABLE public.categories ALTER COLUMN category_id ADD GENERATED BY DEFAULT AS IDENTITY (
    SEQUENCE NAME public.categories_category_id_seq
    START WITH 1
    INCREMENT BY 1
    NO MINVALUE
    NO MAXVALUE
    CACHE 1
);


--
-- TOC entry 219 (class 1259 OID 17985)
-- Name: color; Type: TABLE; Schema: public; Owner: postgres
--

CREATE TABLE public.color (
    color_id integer NOT NULL,
    name text NOT NULL,
    CONSTRAINT color_name_check CHECK (((length(name) >= 3) AND (length(name) <= 50)))
);


ALTER TABLE public.color OWNER TO postgres;

--
-- TOC entry 239 (class 1259 OID 18217)
-- Name: color_color_id_seq; Type: SEQUENCE; Schema: public; Owner: postgres
--

ALTER TABLE public.color ALTER COLUMN color_id ADD GENERATED BY DEFAULT AS IDENTITY (
    SEQUENCE NAME public.color_color_id_seq
    START WITH 1
    INCREMENT BY 1
    NO MINVALUE
    NO MAXVALUE
    CACHE 1
);


--
-- TOC entry 217 (class 1259 OID 17969)
-- Name: country; Type: TABLE; Schema: public; Owner: postgres
--

CREATE TABLE public.country (
    country_id integer NOT NULL,
    name text NOT NULL,
    CONSTRAINT country_name_check CHECK (((length(name) >= 3) AND (length(name) <= 50)))
);


ALTER TABLE public.country OWNER TO postgres;

--
-- TOC entry 240 (class 1259 OID 18218)
-- Name: country_country_id_seq; Type: SEQUENCE; Schema: public; Owner: postgres
--

ALTER TABLE public.country ALTER COLUMN country_id ADD GENERATED BY DEFAULT AS IDENTITY (
    SEQUENCE NAME public.country_country_id_seq
    START WITH 1
    INCREMENT BY 1
    NO MINVALUE
    NO MAXVALUE
    CACHE 1
);


--
-- TOC entry 234 (class 1259 OID 18195)
-- Name: device_retailers; Type: TABLE; Schema: public; Owner: postgres
--

CREATE TABLE public.device_retailers (
    device_retailer_id integer NOT NULL,
    device_id integer NOT NULL,
    retailer_id integer NOT NULL,
    price integer NOT NULL,
    in_stock boolean NOT NULL,
    last_updated date,
    CONSTRAINT device_retailers_price_check CHECK (((price >= 0) AND (price <= 10000000)))
);


ALTER TABLE public.device_retailers OWNER TO postgres;

--
-- TOC entry 250 (class 1259 OID 18228)
-- Name: device_retailers_device_retailer_id_seq; Type: SEQUENCE; Schema: public; Owner: postgres
--

ALTER TABLE public.device_retailers ALTER COLUMN device_retailer_id ADD GENERATED BY DEFAULT AS IDENTITY (
    SEQUENCE NAME public.device_retailers_device_retailer_id_seq
    START WITH 1
    INCREMENT BY 1
    NO MINVALUE
    NO MAXVALUE
    CACHE 1
);


--
-- TOC entry 228 (class 1259 OID 18068)
-- Name: devices; Type: TABLE; Schema: public; Owner: postgres
--

CREATE TABLE public.devices (
    device_id integer NOT NULL,
    manufacturer_id integer NOT NULL,
    category_id integer NOT NULL,
    os_id integer NOT NULL,
    release_date date NOT NULL,
    current_price integer NOT NULL,
    weight_grams integer NOT NULL,
    color_id integer NOT NULL,
    is_waterproof boolean NOT NULL,
    warranty_months integer NOT NULL,
    created_by integer,
    model_id integer NOT NULL,
    CONSTRAINT devices_current_price_check CHECK (((current_price >= 0) AND (current_price <= 10000000))),
    CONSTRAINT devices_warranty_months_check CHECK (((warranty_months >= 1) AND (warranty_months <= 36))),
    CONSTRAINT devices_weight_grams_check CHECK (((weight_grams >= 1) AND (weight_grams <= 1000000)))
);


ALTER TABLE public.devices OWNER TO postgres;

--
-- TOC entry 236 (class 1259 OID 18214)
-- Name: devices_device_id_seq; Type: SEQUENCE; Schema: public; Owner: postgres
--

ALTER TABLE public.devices ALTER COLUMN device_id ADD GENERATED BY DEFAULT AS IDENTITY (
    SEQUENCE NAME public.devices_device_id_seq
    START WITH 1
    INCREMENT BY 1
    NO MINVALUE
    NO MAXVALUE
    CACHE 1
);


--
-- TOC entry 230 (class 1259 OID 18130)
-- Name: displays; Type: TABLE; Schema: public; Owner: postgres
--

CREATE TABLE public.displays (
    display_id integer NOT NULL,
    device_id integer NOT NULL,
    diagonal_inches real NOT NULL,
    resolution text NOT NULL,
    techn_matr_id integer NOT NULL,
    refresh_rate_hz integer NOT NULL,
    brightness_nits integer NOT NULL,
    CONSTRAINT displays_brightness_nits_check CHECK (((brightness_nits >= 1) AND (brightness_nits <= 10000))),
    CONSTRAINT displays_diagonal_inches_check CHECK (((diagonal_inches >= (1.0)::double precision) AND (diagonal_inches <= (100.0)::double precision))),
    CONSTRAINT displays_refresh_rate_hz_check CHECK (((refresh_rate_hz >= 1) AND (refresh_rate_hz <= 360))),
    CONSTRAINT displays_resolution_check CHECK (((length(resolution) >= 7) AND (length(resolution) <= 11)))
);


ALTER TABLE public.displays OWNER TO postgres;

--
-- TOC entry 247 (class 1259 OID 18225)
-- Name: displays_display_id_seq; Type: SEQUENCE; Schema: public; Owner: postgres
--

ALTER TABLE public.displays ALTER COLUMN display_id ADD GENERATED BY DEFAULT AS IDENTITY (
    SEQUENCE NAME public.displays_display_id_seq
    START WITH 1
    INCREMENT BY 1
    NO MINVALUE
    NO MAXVALUE
    CACHE 1
);


--
-- TOC entry 224 (class 1259 OID 18025)
-- Name: manufacturers; Type: TABLE; Schema: public; Owner: postgres
--

CREATE TABLE public.manufacturers (
    manufacturer_id integer NOT NULL,
    name text NOT NULL,
    country_id integer NOT NULL,
    foundation_year integer NOT NULL,
    website text NOT NULL,
    CONSTRAINT manufacturers_foundation_year_check CHECK (((foundation_year >= 1900) AND (foundation_year <= 2025))),
    CONSTRAINT manufacturers_name_check CHECK (((length(name) >= 2) AND (length(name) <= 60))),
    CONSTRAINT manufacturers_website_check CHECK (((length(website) >= 10) AND (length(website) <= 200)))
);


ALTER TABLE public.manufacturers OWNER TO postgres;

--
-- TOC entry 235 (class 1259 OID 18213)
-- Name: manufacturers_manufacturer_id_seq; Type: SEQUENCE; Schema: public; Owner: postgres
--

ALTER TABLE public.manufacturers ALTER COLUMN manufacturer_id ADD GENERATED BY DEFAULT AS IDENTITY (
    SEQUENCE NAME public.manufacturers_manufacturer_id_seq
    START WITH 1
    INCREMENT BY 1
    NO MINVALUE
    NO MAXVALUE
    CACHE 1
);


--
-- TOC entry 251 (class 1259 OID 18229)
-- Name: model; Type: TABLE; Schema: public; Owner: postgres
--

CREATE TABLE public.model (
    model_id integer NOT NULL,
    name character varying(100) NOT NULL
);


ALTER TABLE public.model OWNER TO postgres;

--
-- TOC entry 225 (class 1259 OID 18040)
-- Name: operating_systems; Type: TABLE; Schema: public; Owner: postgres
--

CREATE TABLE public.operating_systems (
    os_id integer NOT NULL,
    os_name_id integer NOT NULL,
    developer text NOT NULL,
    latest_version text NOT NULL,
    release_date date NOT NULL,
    CONSTRAINT operating_systems_developer_check CHECK (((length(developer) >= 1) AND (length(developer) <= 60))),
    CONSTRAINT operating_systems_latest_version_check CHECK (((length(latest_version) >= 1) AND (length(latest_version) <= 60)))
);


ALTER TABLE public.operating_systems OWNER TO postgres;

--
-- TOC entry 245 (class 1259 OID 18223)
-- Name: operating_systems_os_id_seq; Type: SEQUENCE; Schema: public; Owner: postgres
--

ALTER TABLE public.operating_systems ALTER COLUMN os_id ADD GENERATED BY DEFAULT AS IDENTITY (
    SEQUENCE NAME public.operating_systems_os_id_seq
    START WITH 1
    INCREMENT BY 1
    NO MINVALUE
    NO MAXVALUE
    CACHE 1
);


--
-- TOC entry 222 (class 1259 OID 18009)
-- Name: os_name; Type: TABLE; Schema: public; Owner: postgres
--

CREATE TABLE public.os_name (
    os_name_id integer NOT NULL,
    name text NOT NULL,
    CONSTRAINT os_name_name_check CHECK (((length(name) >= 2) AND (length(name) <= 50)))
);


ALTER TABLE public.os_name OWNER TO postgres;

--
-- TOC entry 241 (class 1259 OID 18219)
-- Name: os_name_os_name_id_seq; Type: SEQUENCE; Schema: public; Owner: postgres
--

ALTER TABLE public.os_name ALTER COLUMN os_name_id ADD GENERATED BY DEFAULT AS IDENTITY (
    SEQUENCE NAME public.os_name_os_name_id_seq
    START WITH 1
    INCREMENT BY 1
    NO MINVALUE
    NO MAXVALUE
    CACHE 1
);


--
-- TOC entry 218 (class 1259 OID 17977)
-- Name: proc_model; Type: TABLE; Schema: public; Owner: postgres
--

CREATE TABLE public.proc_model (
    proc_model_id integer NOT NULL,
    name text NOT NULL,
    CONSTRAINT proc_model_name_check CHECK (((length(name) >= 3) AND (length(name) <= 50)))
);


ALTER TABLE public.proc_model OWNER TO postgres;

--
-- TOC entry 242 (class 1259 OID 18220)
-- Name: proc_model_proc_model_id_seq; Type: SEQUENCE; Schema: public; Owner: postgres
--

ALTER TABLE public.proc_model ALTER COLUMN proc_model_id ADD GENERATED BY DEFAULT AS IDENTITY (
    SEQUENCE NAME public.proc_model_proc_model_id_seq
    START WITH 1
    INCREMENT BY 1
    NO MINVALUE
    NO MAXVALUE
    CACHE 1
);


--
-- TOC entry 233 (class 1259 OID 18186)
-- Name: retailers; Type: TABLE; Schema: public; Owner: postgres
--

CREATE TABLE public.retailers (
    retailer_id integer NOT NULL,
    name text NOT NULL,
    website text NOT NULL,
    rating real,
    CONSTRAINT retailers_name_check CHECK (((length(name) >= 1) AND (length(name) <= 100))),
    CONSTRAINT retailers_website_check CHECK (((length(website) >= 10) AND (length(website) <= 200)))
);


ALTER TABLE public.retailers OWNER TO postgres;

--
-- TOC entry 238 (class 1259 OID 18216)
-- Name: retailers_retailer_id_seq; Type: SEQUENCE; Schema: public; Owner: postgres
--

ALTER TABLE public.retailers ALTER COLUMN retailer_id ADD GENERATED BY DEFAULT AS IDENTITY (
    SEQUENCE NAME public.retailers_retailer_id_seq
    START WITH 1
    INCREMENT BY 1
    NO MINVALUE
    NO MAXVALUE
    CACHE 1
);


--
-- TOC entry 229 (class 1259 OID 18105)
-- Name: specifications; Type: TABLE; Schema: public; Owner: postgres
--

CREATE TABLE public.specifications (
    spec_id integer NOT NULL,
    device_id integer NOT NULL,
    proc_model_id integer NOT NULL,
    processor_cores integer NOT NULL,
    ram_gb integer NOT NULL,
    storage_gb integer NOT NULL,
    storage_type_id integer NOT NULL,
    CONSTRAINT specifications_processor_cores_check CHECK (((processor_cores >= 1) AND (processor_cores <= 32))),
    CONSTRAINT specifications_ram_gb_check CHECK (((ram_gb >= 1) AND (ram_gb <= 128))),
    CONSTRAINT specifications_storage_gb_check CHECK (((storage_gb >= 1) AND (storage_gb <= 4096)))
);


ALTER TABLE public.specifications OWNER TO postgres;

--
-- TOC entry 246 (class 1259 OID 18224)
-- Name: specifications_spec_id_seq; Type: SEQUENCE; Schema: public; Owner: postgres
--

ALTER TABLE public.specifications ALTER COLUMN spec_id ADD GENERATED BY DEFAULT AS IDENTITY (
    SEQUENCE NAME public.specifications_spec_id_seq
    START WITH 1
    INCREMENT BY 1
    NO MINVALUE
    NO MAXVALUE
    CACHE 1
);


--
-- TOC entry 221 (class 1259 OID 18001)
-- Name: storage_type; Type: TABLE; Schema: public; Owner: postgres
--

CREATE TABLE public.storage_type (
    storage_type_id integer NOT NULL,
    name text NOT NULL,
    CONSTRAINT storage_type_name_check CHECK (((length(name) >= 2) AND (length(name) <= 50)))
);


ALTER TABLE public.storage_type OWNER TO postgres;

--
-- TOC entry 243 (class 1259 OID 18221)
-- Name: storage_type_storage_type_id_seq; Type: SEQUENCE; Schema: public; Owner: postgres
--

ALTER TABLE public.storage_type ALTER COLUMN storage_type_id ADD GENERATED BY DEFAULT AS IDENTITY (
    SEQUENCE NAME public.storage_type_storage_type_id_seq
    START WITH 1
    INCREMENT BY 1
    NO MINVALUE
    NO MAXVALUE
    CACHE 1
);


--
-- TOC entry 220 (class 1259 OID 17993)
-- Name: techn_matr; Type: TABLE; Schema: public; Owner: postgres
--

CREATE TABLE public.techn_matr (
    techn_matr_id integer NOT NULL,
    name text NOT NULL,
    CONSTRAINT techn_matr_name_check CHECK (((length(name) >= 2) AND (length(name) <= 50)))
);


ALTER TABLE public.techn_matr OWNER TO postgres;

--
-- TOC entry 244 (class 1259 OID 18222)
-- Name: techn_matr_techn_matr_id_seq; Type: SEQUENCE; Schema: public; Owner: postgres
--

ALTER TABLE public.techn_matr ALTER COLUMN techn_matr_id ADD GENERATED BY DEFAULT AS IDENTITY (
    SEQUENCE NAME public.techn_matr_techn_matr_id_seq
    START WITH 1
    INCREMENT BY 1
    NO MINVALUE
    NO MAXVALUE
    CACHE 1
);


--
-- TOC entry 227 (class 1259 OID 18055)
-- Name: users; Type: TABLE; Schema: public; Owner: postgres
--

CREATE TABLE public.users (
    user_id integer NOT NULL,
    username text NOT NULL,
    email text,
    password_hash text NOT NULL,
    created_at timestamp without time zone DEFAULT now() NOT NULL,
    is_active boolean DEFAULT true NOT NULL,
    is_admin boolean DEFAULT false NOT NULL
);


ALTER TABLE public.users OWNER TO postgres;

--
-- TOC entry 226 (class 1259 OID 18054)
-- Name: users_user_id_seq; Type: SEQUENCE; Schema: public; Owner: postgres
--

ALTER TABLE public.users ALTER COLUMN user_id ADD GENERATED BY DEFAULT AS IDENTITY (
    SEQUENCE NAME public.users_user_id_seq
    START WITH 1
    INCREMENT BY 1
    NO MINVALUE
    NO MAXVALUE
    CACHE 1
);


--
-- TOC entry 4989 (class 0 OID 18171)
-- Dependencies: 232
-- Data for Name: batteries; Type: TABLE DATA; Schema: public; Owner: postgres
--

COPY public.batteries (battery_id, device_id, capacity_mah, fast_charging_w, wireless_charging, estimated_life_hours) FROM stdin;
1	1	3893	23.1	f	38.7
2	2	3955	19.2	t	31.1
3	3	4894	31.8	t	20.9
4	4	3722	55.8	f	14.6
5	5	4134	64.7	t	23.1
6	6	4234	30.8	f	30.2
7	7	2508	64.1	t	37.8
8	8	3568	18.8	t	17.2
9	9	4766	16	t	28.1
10	10	3762	28.1	f	37
11	11	4132	26	f	39
12	12	3991	32	t	28.7
13	13	3662	36.9	t	12.8
14	14	4312	42.5	t	34.9
15	15	4203	10.6	t	21.7
16	16	3055	57.3	f	11.5
17	17	4404	47.6	t	15
18	18	4283	17.2	t	28.5
19	19	4501	39.2	f	30.7
20	20	2911	55.3	t	16.8
21	21	6222	54	t	12.6
22	22	6896	23.7	t	31.1
23	23	9945	21.5	f	16.9
24	24	5721	25.2	t	13.5
25	25	6261	35.9	t	25.3
26	26	8730	61.1	f	39.4
27	27	7691	56.4	t	38.6
28	28	5646	42.4	t	28.6
29	29	7418	8.3	t	18.2
30	30	6347	21.9	t	39
31	31	5517	43.9	t	37.3
32	32	5813	63.9	t	26.3
33	33	6429	13.4	f	14
34	34	8492	46.8	t	31.4
35	35	7560	31.8	t	21.2
36	36	6837	56.1	t	35.4
37	37	7657	52.1	f	36.5
38	38	7093	23.8	f	10.2
39	39	5867	21.1	t	25.7
40	40	7589	15.8	f	24.1
41	41	458	6.2	f	13.7
42	42	266	6	f	14.6
43	43	278	3.8	f	20.8
44	44	564	7.2	f	14.3
45	45	588	6.5	t	19.2
46	46	492	5.1	f	17.9
47	47	566	6.9	t	10.6
48	48	388	7.6	t	22
49	49	386	5.6	f	24.3
50	50	487	3.6	t	20.6
51	51	439	7	f	19.2
52	52	377	7.7	t	22.7
53	53	447	4.2	t	14.5
54	54	327	7.8	f	22.2
55	55	335	6.6	t	15.5
56	56	442	5.6	f	19.1
57	57	569	3.3	t	12.6
58	58	479	4.8	t	19.2
59	59	426	6.3	t	13.2
60	60	587	7.8	t	14.3
61	61	2997	2	t	15.8
62	62	2918	2	f	8.7
63	63	2672	2	f	10
64	64	1564	2	t	12.9
65	65	2759	2	f	10.9
66	66	2638	2	t	8.6
67	67	1605	2	t	12.5
68	68	2155	2	f	12.4
69	69	1652	2	f	17.2
70	70	2769	2	t	17.8
71	71	2055	2	f	19.1
72	72	2798	2	t	17.4
73	73	2382	2	t	14.7
74	74	2005	2	t	15.1
75	75	2712	2	f	16.2
76	76	2846	2	t	10
77	77	2213	2	t	9.2
78	78	2296	2	f	16.5
79	79	1874	2	t	16.3
80	80	2351	2	t	13.9
\.


--
-- TOC entry 4988 (class 0 OID 18153)
-- Dependencies: 231
-- Data for Name: cameras; Type: TABLE DATA; Schema: public; Owner: postgres
--

COPY public.cameras (camera_id, device_id, megapixels_main, aperture_main, optical_zoom_x, video_resolution, has_ai_enhance) FROM stdin;
1	1	55.1	F2.2	0	3840x2160	t
2	2	38.7	F2.8	2	3840x2160	t
3	3	56	F2.2	1	3840x2160	t
4	4	96.1	F2.2	5	3840x2160	f
5	5	101.2	F2.8	8	3840x2160	t
6	6	30.3	F1.8	8	1920x1080	t
7	7	58.2	F1.6	0	3840x2160	t
8	8	69.1	F1.9	0	1920x1080	t
9	9	21.9	F2.0	2	3840x2160	f
10	10	67.9	F2.0	3	3840x2160	f
11	11	45.6	F2.0	1	3840x2160	f
12	12	61.9	F1.9	8	1280x720	f
13	13	32.5	F1.6	8	3840x2160	f
14	14	55.8	F1.6	8	1280x720	t
15	15	32.5	F1.6	3	1920x1080	t
16	16	68.8	F2.8	0	3840x2160	t
17	17	24.1	F2.8	0	1280x720	f
18	18	53.6	F2.2	8	1920x1080	f
19	19	13	F2.0	0	3840x2160	t
20	20	32.8	F1.6	2	1280x720	t
21	21	12.1	F2.8	8	3840x2160	f
22	22	33.2	F1.9	3	1920x1080	f
23	23	12.5	F1.8	3	1280x720	t
24	24	45.1	F1.6	5	3840x2160	t
25	25	30.8	F2.0	0	1920x1080	f
26	26	35.1	F2.2	5	1280x720	t
27	27	27	F2.8	3	1280x720	f
28	28	31.1	F2.8	1	3840x2160	f
29	29	14	F1.6	5	1920x1080	t
30	30	15.4	F1.9	2	1280x720	t
31	31	42.7	F1.9	2	1280x720	f
32	32	28.7	F1.6	3	3840x2160	t
33	33	56.1	F2.0	1	1280x720	t
34	34	44	F1.8	0	1920x1080	t
35	35	31.2	F1.6	3	1920x1080	f
36	36	13.8	F1.9	1	3840x2160	t
37	37	31.5	F2.2	1	1920x1080	t
38	38	11.1	F2.0	2	3840x2160	f
39	39	33.8	F2.8	2	3840x2160	t
40	40	59.8	F1.9	8	1280x720	t
41	41	4.7	F2.2	0	1280x720	f
42	42	3.9	F2.8	0	1280x720	t
43	43	4	F1.9	0	3840x2160	t
44	44	2.3	F1.6	0	1920x1080	f
45	45	2.2	F1.6	0	1280x720	f
46	46	4.6	F1.9	0	1920x1080	f
47	47	4.9	F2.0	0	3840x2160	f
48	48	7.8	F1.6	0	1280x720	t
49	49	5.8	F1.8	0	3840x2160	t
50	50	2.2	F2.0	0	1920x1080	t
51	51	6.7	F1.8	0	1920x1080	t
52	52	3	F2.2	0	1280x720	f
53	53	7.3	F1.9	0	1920x1080	t
54	54	2.3	F1.6	0	1280x720	t
55	55	2	F1.8	0	1920x1080	f
56	56	2.2	F1.8	0	3840x2160	t
57	57	7.8	F1.9	0	1280x720	f
58	58	4.3	F2.0	0	1920x1080	t
59	59	2.3	F2.8	0	3840x2160	t
60	60	5.9	F1.6	0	1920x1080	f
61	61	26.1	F2.0	3	1920x1080	f
62	62	29.4	F1.8	8	1280x720	t
63	63	29.1	F1.8	3	3840x2160	f
64	64	29.1	F1.9	3	3840x2160	t
65	65	23.6	F2.8	3	3840x2160	t
66	66	23.9	F1.8	5	1280x720	t
67	67	21	F1.6	8	3840x2160	f
68	68	24.7	F1.6	10	3840x2160	t
69	69	27.1	F2.0	3	1280x720	f
70	70	31.9	F1.9	5	3840x2160	f
71	71	31.9	F2.0	5	1280x720	t
72	72	30.9	F2.2	10	1920x1080	f
73	73	29.9	F1.8	5	3840x2160	f
74	74	25.5	F1.6	3	1920x1080	t
75	75	24.9	F1.6	8	3840x2160	f
76	76	29.1	F1.9	3	3840x2160	f
77	77	24.1	F1.6	5	1280x720	t
78	78	29.6	F2.0	10	1280x720	t
79	79	21.7	F1.8	5	1920x1080	f
80	80	26.6	F1.6	10	1280x720	t
\.


--
-- TOC entry 4980 (class 0 OID 18017)
-- Dependencies: 223
-- Data for Name: categories; Type: TABLE DATA; Schema: public; Owner: postgres
--

COPY public.categories (category_id, name, description) FROM stdin;
1	Смартфоны	Мобильные устройства с сенсорным экраном
2	Ноутбуки	Портативные компьютеры для работы и развлечений
3	Смарт-часы	Умные часы с функциями фитнеса и связи
4	Фотоаппараты	Цифровые камеры для фото и видео
\.


--
-- TOC entry 4976 (class 0 OID 17985)
-- Dependencies: 219
-- Data for Name: color; Type: TABLE DATA; Schema: public; Owner: postgres
--

COPY public.color (color_id, name) FROM stdin;
1	Чёрный
2	Белый
3	Серый
4	Синий
5	Красный
6	Зелёный
7	Золотой
8	Розовый
9	Фиолетовый
10	Оранжевый
11	Жёлтый
12	Коричневый
13	Серебристый
14	Графитовый
15	Лавандовый
16	Бирюзовый
17	Бежевый
18	Мятный
19	Бронзовый
20	Салатовый
\.


--
-- TOC entry 4974 (class 0 OID 17969)
-- Dependencies: 217
-- Data for Name: country; Type: TABLE DATA; Schema: public; Owner: postgres
--

COPY public.country (country_id, name) FROM stdin;
1	Китай
2	США
3	Южная Корея
4	Япония
5	Германия
6	Тайвань
7	Франция
8	Великобритания
9	Канада
10	Финляндия
11	Швеция
12	Индия
13	Россия
14	Вьетнам
15	Сингапур
16	Италия
17	Испания
18	Нидерланды
19	Австралия
20	Швейцария
21	румыния
\.


--
-- TOC entry 4991 (class 0 OID 18195)
-- Dependencies: 234
-- Data for Name: device_retailers; Type: TABLE DATA; Schema: public; Owner: postgres
--

COPY public.device_retailers (device_retailer_id, device_id, retailer_id, price, in_stock, last_updated) FROM stdin;
1	1	3	58098	t	2025-08-01
2	1	1	58163	t	2025-08-01
3	2	6	62702	f	2025-08-01
4	2	1	61473	f	2025-08-01
5	3	2	113093	f	2025-08-01
6	3	5	105779	f	2025-08-01
7	4	2	151385	f	2025-08-01
8	4	5	152509	t	2025-08-01
9	5	5	37166	f	2025-08-01
10	5	4	38865	f	2025-08-01
11	6	6	36426	t	2025-08-01
12	6	1	40992	f	2025-08-01
13	7	4	75030	t	2025-08-01
14	7	3	70636	f	2025-08-01
15	8	4	38059	t	2025-08-01
16	8	2	38324	f	2025-08-01
17	9	6	155949	t	2025-08-01
18	9	3	160894	t	2025-08-01
19	10	2	22613	t	2025-08-01
20	10	6	30102	t	2025-08-01
21	11	3	34843	t	2025-08-01
22	11	6	35282	t	2025-08-01
23	12	6	34948	t	2025-08-01
24	12	1	36719	t	2025-08-01
25	13	2	123070	f	2025-08-01
26	13	3	121804	f	2025-08-01
27	14	5	73577	t	2025-08-01
28	14	4	78343	t	2025-08-01
29	15	5	92148	t	2025-08-01
30	15	1	90530	f	2025-08-01
31	16	4	81279	t	2025-08-01
32	16	3	83167	t	2025-08-01
33	17	5	145971	t	2025-08-01
34	17	1	145059	f	2025-08-01
35	18	5	91277	t	2025-08-01
36	18	4	93368	t	2025-08-01
37	19	6	149162	f	2025-08-01
38	19	4	143344	t	2025-08-01
39	20	2	144293	f	2025-08-01
40	20	3	148556	f	2025-08-01
41	21	2	32358	t	2025-08-01
42	21	1	33148	f	2025-08-01
43	22	4	136239	t	2025-08-01
44	22	1	142078	f	2025-08-01
45	23	6	66905	f	2025-08-01
46	23	5	61701	f	2025-08-01
47	24	4	67594	t	2025-08-01
48	24	5	74346	f	2025-08-01
49	25	3	41434	t	2025-08-01
50	25	4	37522	t	2025-08-01
51	26	2	62058	f	2025-08-01
52	26	5	62514	f	2025-08-01
53	27	6	38568	f	2025-08-01
54	27	4	30825	f	2025-08-01
55	28	2	55360	f	2025-08-01
56	28	4	49610	t	2025-08-01
57	29	5	151898	t	2025-08-01
58	29	1	146652	f	2025-08-01
59	30	3	87586	t	2025-08-01
60	30	6	86933	f	2025-08-01
61	31	3	45583	f	2025-08-01
62	31	4	44414	f	2025-08-01
63	32	6	56555	t	2025-08-01
64	32	3	60083	f	2025-08-01
65	33	3	35245	t	2025-08-01
66	33	2	25856	f	2025-08-01
67	34	4	51115	t	2025-08-01
68	34	1	59758	f	2025-08-01
69	35	2	106344	f	2025-08-01
70	35	4	106643	f	2025-08-01
71	36	3	40287	f	2025-08-01
72	36	1	42753	f	2025-08-01
73	37	2	101813	f	2025-08-01
74	37	6	105456	t	2025-08-01
75	38	6	94487	f	2025-08-01
76	38	4	97838	f	2025-08-01
77	39	4	30474	f	2025-08-01
78	39	3	30368	f	2025-08-01
79	40	6	63216	f	2025-08-01
80	40	3	64482	f	2025-08-01
81	41	4	67092	f	2025-08-01
82	41	6	64468	t	2025-08-01
83	42	4	45276	f	2025-08-01
84	42	3	50120	t	2025-08-01
85	43	1	60178	f	2025-08-01
86	43	4	61487	t	2025-08-01
87	44	2	62765	f	2025-08-01
88	44	3	62571	f	2025-08-01
89	45	1	35383	f	2025-08-01
90	45	6	33639	t	2025-08-01
91	46	3	28244	f	2025-08-01
92	46	1	26023	t	2025-08-01
93	47	2	30670	f	2025-08-01
94	47	1	32572	t	2025-08-01
95	48	6	54660	t	2025-08-01
96	48	4	63237	f	2025-08-01
97	49	2	54493	f	2025-08-01
98	49	5	49382	f	2025-08-01
99	50	2	48333	t	2025-08-01
100	50	5	46934	f	2025-08-01
101	51	1	14820	t	2025-08-01
102	51	6	17595	t	2025-08-01
103	52	3	55120	t	2025-08-01
104	52	2	48146	t	2025-08-01
105	53	1	16694	t	2025-08-01
106	53	6	20914	t	2025-08-01
107	54	5	28036	f	2025-08-01
108	54	3	33089	t	2025-08-01
109	55	4	46467	f	2025-08-01
110	55	1	43063	t	2025-08-01
111	56	5	63460	t	2025-08-01
112	56	2	60749	t	2025-08-01
113	57	6	45116	f	2025-08-01
114	57	5	42855	f	2025-08-01
115	58	2	36016	t	2025-08-01
116	58	6	35129	t	2025-08-01
117	59	5	45255	t	2025-08-01
118	59	3	38296	f	2025-08-01
119	60	1	28195	f	2025-08-01
120	60	6	27556	f	2025-08-01
121	61	6	150091	t	2025-08-01
122	61	2	154694	f	2025-08-01
123	62	1	130102	f	2025-08-01
124	62	4	131718	t	2025-08-01
125	63	5	56918	f	2025-08-01
126	63	4	64568	t	2025-08-01
127	64	2	135036	t	2025-08-01
128	64	4	136249	t	2025-08-01
129	65	1	132768	f	2025-08-01
130	65	6	130351	f	2025-08-01
131	66	3	85547	t	2025-08-01
132	66	4	83776	t	2025-08-01
133	67	5	79719	f	2025-08-01
134	67	6	82154	f	2025-08-01
135	68	4	79029	f	2025-08-01
136	68	1	72203	f	2025-08-01
137	69	4	84089	f	2025-08-01
138	69	2	82772	f	2025-08-01
139	70	3	149182	t	2025-08-01
140	70	4	154540	t	2025-08-01
141	71	6	37202	f	2025-08-01
142	71	3	31243	t	2025-08-01
143	72	4	66322	t	2025-08-01
144	72	6	71645	t	2025-08-01
145	73	5	86297	f	2025-08-01
146	73	4	86073	t	2025-08-01
147	74	2	130229	f	2025-08-01
148	74	4	133468	f	2025-08-01
149	75	5	140446	f	2025-08-01
150	75	1	140066	t	2025-08-01
151	76	5	108612	t	2025-08-01
152	76	1	104817	t	2025-08-01
153	77	6	83167	f	2025-08-01
154	77	4	82861	f	2025-08-01
155	78	2	64109	f	2025-08-01
156	78	3	71880	f	2025-08-01
157	79	5	155167	f	2025-08-01
158	79	4	157732	t	2025-08-01
159	80	1	64247	f	2025-08-01
160	80	5	68527	f	2025-08-01
\.


--
-- TOC entry 4985 (class 0 OID 18068)
-- Dependencies: 228
-- Data for Name: devices; Type: TABLE DATA; Schema: public; Owner: postgres
--

COPY public.devices (device_id, manufacturer_id, category_id, os_id, release_date, current_price, weight_grams, color_id, is_waterproof, warranty_months, created_by, model_id) FROM stdin;
77	2	4	1	2023-11-12	82942	856	12	t	24	\N	1
49	9	3	5	2022-11-03	52314	48	10	t	24	\N	2
43	1	3	6	2022-12-01	59210	61	7	f	12	\N	3
54	8	3	4	2025-01-11	29926	52	13	f	24	\N	4
47	1	3	7	2021-02-03	32402	34	12	f	12	\N	5
50	4	3	6	2021-03-08	48655	39	15	t	24	\N	6
21	1	2	5	2021-07-30	28215	2075	10	t	24	\N	7
34	5	2	1	2023-12-14	54792	1030	16	t	24	\N	8
48	9	3	7	2021-03-16	58367	42	10	t	12	\N	9
45	15	3	4	2021-02-24	36190	33	13	t	12	\N	9
52	13	3	7	2022-10-12	51096	34	15	t	24	\N	10
70	4	4	8	2024-09-12	152888	416	1	t	12	\N	11
68	8	4	4	2022-03-10	74813	520	16	f	12	\N	12
74	9	4	2	2022-08-21	133477	797	3	f	12	\N	13
69	5	4	7	2022-11-07	85298	788	19	f	24	\N	14
63	12	4	2	2022-03-25	60014	889	5	t	24	\N	15
78	13	4	2	2024-10-18	68084	649	17	f	12	\N	16
64	2	4	8	2023-11-18	133901	867	19	f	24	\N	17
55	8	3	5	2023-03-17	42124	59	8	f	24	\N	18
41	5	3	8	2023-01-26	63506	48	3	f	24	\N	18
51	3	3	2	2023-07-01	14753	50	12	f	24	\N	19
42	15	3	5	2024-10-22	48183	33	11	f	24	\N	20
1	11	1	2	2022-04-03	61579	146	18	f	24	\N	21
8	5	1	4	2021-04-28	38144	242	17	f	12	\N	22
58	10	3	2	2022-10-05	36445	39	14	f	24	\N	23
60	10	3	4	2023-12-24	23789	70	8	f	12	\N	24
44	13	3	8	2025-07-15	60404	60	7	t	24	\N	25
46	2	3	5	2021-04-08	24626	56	20	t	12	\N	26
56	2	3	7	2022-07-27	63087	69	20	f	12	\N	27
53	10	3	2	2024-04-04	19105	40	20	t	12	\N	28
57	10	3	5	2023-11-10	43887	61	19	t	24	\N	29
59	13	3	5	2024-12-14	41047	50	16	t	24	\N	30
3	3	1	8	2022-03-26	110008	134	8	f	24	\N	31
18	15	1	5	2021-06-05	88661	146	10	f	12	\N	32
16	6	1	5	2025-03-11	82812	244	8	t	24	\N	33
4	3	1	3	2023-02-21	147696	184	18	f	12	\N	34
35	2	2	3	2024-01-29	110245	1680	20	t	24	\N	35
19	6	1	4	2022-05-15	146820	217	11	f	24	\N	36
5	8	1	1	2022-05-06	40184	181	19	f	12	\N	37
10	5	1	1	2021-04-01	25929	205	5	t	12	\N	38
9	1	1	8	2022-03-13	157614	187	5	t	12	\N	39
22	13	2	7	2024-04-20	137415	1525	19	f	12	\N	40
24	13	2	3	2022-07-24	72576	2098	14	t	12	\N	41
38	11	2	7	2023-04-29	96609	1341	17	f	24	\N	42
25	4	2	6	2025-04-06	38529	1316	9	f	24	\N	43
29	11	2	5	2025-07-06	146963	1489	18	f	12	\N	44
65	7	4	2	2022-01-01	128037	941	5	f	12	\N	45
72	1	4	4	2022-09-05	67585	977	8	t	24	\N	46
37	10	2	5	2024-12-10	105998	1595	12	f	12	\N	47
30	10	2	6	2024-06-25	90700	1180	4	f	24	\N	48
23	7	2	2	2022-06-29	62286	1046	2	f	24	\N	48
28	11	2	5	2023-06-08	50806	2197	4	t	12	\N	49
40	2	2	2	2022-12-21	63716	1383	4	f	24	\N	50
14	1	1	4	2023-04-29	75970	218	16	t	12	\N	51
13	7	1	5	2024-09-23	124390	164	20	t	24	\N	52
71	10	4	4	2024-08-31	33305	495	13	t	24	\N	53
79	6	4	6	2022-06-22	153315	940	11	t	24	\N	54
12	1	1	2	2022-06-28	35028	147	20	t	24	\N	55
17	13	1	7	2021-06-17	148288	124	18	f	24	\N	56
15	13	1	4	2024-07-07	87716	190	15	f	24	\N	57
2	14	1	6	2024-01-04	57722	216	3	t	24	\N	58
11	10	1	3	2023-04-25	31497	165	11	t	12	\N	59
6	6	1	1	2021-05-26	40433	178	3	f	24	\N	60
20	4	1	7	2023-01-26	149062	208	14	t	24	\N	61
7	4	1	4	2023-05-15	73100	191	15	f	12	\N	62
36	7	2	2	2024-02-14	40723	2101	18	t	12	\N	63
33	2	2	8	2024-08-07	30598	1003	11	f	12	\N	64
32	5	2	8	2024-01-06	60563	1695	15	t	24	\N	65
39	9	2	6	2023-06-13	29912	1841	3	t	24	\N	66
31	13	2	4	2023-01-20	48672	1708	1	t	12	\N	67
26	9	2	3	2023-11-07	60784	1042	9	t	24	\N	68
27	6	2	8	2023-10-12	34704	1158	17	t	12	\N	69
80	7	4	3	2024-02-11	68742	901	10	f	12	\N	70
73	7	4	3	2025-06-23	89605	475	3	t	12	\N	71
61	15	4	3	2023-03-25	154861	590	10	f	12	\N	72
67	3	4	5	2022-05-09	84072	707	5	t	12	\N	73
75	7	4	6	2022-11-17	137883	1066	20	f	24	\N	74
76	14	4	2	2024-07-21	104385	647	9	f	24	\N	75
66	4	4	1	2024-01-11	81955	457	5	t	12	\N	75
62	3	4	7	2021-06-27	130076	1085	4	f	12	\N	76
\.


--
-- TOC entry 4987 (class 0 OID 18130)
-- Dependencies: 230
-- Data for Name: displays; Type: TABLE DATA; Schema: public; Owner: postgres
--

COPY public.displays (display_id, device_id, diagonal_inches, resolution, techn_matr_id, refresh_rate_hz, brightness_nits) FROM stdin;
1	1	6.5	2400x1200	9	144	400
2	2	6.7	2340x1080	4	60	800
3	3	6.9	2340x1200	8	144	2000
4	4	5.9	2670x1200	8	60	2000
5	5	6	2670x1200	5	144	400
6	6	6.1	2560x1220	4	144	800
7	7	6.9	2400x1200	3	144	800
8	8	6.6	2560x1220	2	90	1000
9	9	6.9	2340x1080	9	120	2000
10	10	5.8	2400x1200	9	60	600
11	11	6.3	2400x1220	4	90	800
12	12	6.3	2560x1179	1	144	300
13	13	6.4	2340x1220	8	144	2000
14	14	6.1	2670x1080	9	90	300
15	15	5.9	2560x1200	7	90	2000
16	16	6.7	2670x1200	10	60	800
17	17	6.8	2560x1200	1	90	400
18	18	5.9	2340x1080	7	144	300
19	19	6.8	2340x1179	10	120	1000
20	20	6	2560x1179	2	90	400
21	21	16.8	2880x1080	2	144	800
22	22	13.6	2256x1080	3	60	800
23	23	14.9	2560x1800	5	144	800
24	24	15.7	2256x1440	7	144	600
25	25	16.2	2256x1440	9	60	1000
26	26	15.9	3000x1800	3	144	1000
27	27	15.9	2880x1200	2	144	600
28	28	14.2	2560x1800	3	90	1000
29	29	15.8	2880x1440	4	144	800
30	30	13.4	2560x1440	7	90	400
31	31	15.3	2560x1080	4	144	300
32	32	16.3	3000x1800	5	60	2000
33	33	15.3	2256x1440	3	60	600
34	34	13.9	3000x1080	9	120	800
35	35	16.4	3000x1200	7	144	400
36	36	16.5	1920x1440	10	120	600
37	37	13.6	1920x1080	9	90	800
38	38	14.9	2560x1080	4	144	1000
39	39	14.2	2880x1080	6	90	1000
40	40	13.7	2880x1800	10	144	2000
41	41	1.5	450x450	9	90	300
42	42	2.1	450x450	2	90	600
43	43	2	484x484	9	60	2000
44	44	1.6	396x396	4	90	600
45	45	1.5	396x396	6	90	400
46	46	1.8	484x484	4	90	600
47	47	1.7	484x484	3	144	2000
48	48	2.1	484x484	8	144	600
49	49	1.9	450x450	10	144	600
50	50	1.6	450x450	5	90	300
51	51	1.7	396x396	4	90	400
52	52	2.1	396x396	2	90	600
53	53	1.9	484x484	7	60	800
54	54	1.3	450x450	4	90	300
55	55	2.1	484x484	8	120	1000
56	56	2.1	396x396	4	144	1000
57	57	1.8	484x484	1	144	600
58	58	1.7	484x484	6	144	1000
59	59	2.1	450x450	6	90	600
60	60	1.9	396x396	1	90	800
61	61	3.5	1920x1200	8	90	1000
62	62	3.1	2100x1440	6	120	1000
63	63	3.3	1920x1080	9	144	1000
64	64	3.3	1920x1080	1	144	600
65	65	3.2	1440x1080	8	120	400
66	66	3	1440x1200	9	90	800
67	67	2.9	1440x1440	4	120	2000
68	68	3.1	1920x1200	6	120	600
69	69	3.1	1920x1440	3	90	2000
70	70	3.2	1920x1200	7	90	300
71	71	2.9	2100x1200	6	60	1000
72	72	3.3	2100x1080	2	144	400
73	73	3.1	1440x1080	5	144	600
74	74	3	1440x1080	3	144	600
75	75	3.5	2100x1440	8	90	600
76	76	3.2	1920x1200	7	60	600
77	77	2.9	2100x1080	2	90	600
78	78	3.2	1440x1200	7	144	300
79	79	3.2	1920x1200	5	60	2000
80	80	3.5	2100x1080	4	144	1000
\.


--
-- TOC entry 4981 (class 0 OID 18025)
-- Dependencies: 224
-- Data for Name: manufacturers; Type: TABLE DATA; Schema: public; Owner: postgres
--

COPY public.manufacturers (manufacturer_id, name, country_id, foundation_year, website) FROM stdin;
1	Apple	2	1976	https://www.apple.com
2	Samsung	3	1938	https://www.samsung.com
3	Xiaomi	1	2010	https://www.mi.com
4	Huawei	1	1987	https://www.huawei.com
5	Lenovo	1	1984	https://www.lenovo.com
6	HP	2	1939	https://www.hp.com
7	Dell	2	1984	https://www.dell.com
8	ASUS	6	1989	https://www.asus.com
9	Sony	4	1946	https://www.sony.com
10	Canon	4	1937	https://www.canon.com
11	Nikon	4	1917	https://www.nikon.com
12	Realme	1	2018	https://www.realme.com
13	Acer	6	1976	https://www.acer.com
14	OPPO	1	2004	https://www.oppo.com
15	Honor	1	2013	https://www.hihonor.com
\.


--
-- TOC entry 5008 (class 0 OID 18229)
-- Dependencies: 251
-- Data for Name: model; Type: TABLE DATA; Schema: public; Owner: postgres
--

COPY public.model (model_id, name) FROM stdin;
1	Alpha 5 Mark II
2	Apple Watch 4
3	Apple Watch 5
4	Apple Watch 5 Pro
5	Apple Watch 7 S
6	Apple Watch 9 S
7	Aspire 13 Air
8	Aspire 14 Air
9	Band 10 Pro
10	Band 4
11	Coolpix 1 Pro
12	Coolpix 5
13	Coolpix 7
14	Cyber-shot 3 Mark II
15	Cyber-shot 6 Mark II
16	EOS 6
17	EOS 8 Mark II
18	Fit 3
19	Fit 5 S
20	Fit 9 Pro
21	Galaxy 15 Pro
22	Galaxy 8 Ultra
23	Galaxy Watch 3 Pro
24	Galaxy Watch 3 S
25	Galaxy Watch 6 Pro
26	Galaxy Watch 7
27	GTR 10 S
28	GTR 5 S
29	GTR 8 S
30	GTS 6 S
31	Honor 15X
32	Honor 19 Pro
33	Honor 20X
34	Honor 9 S
35	IdeaPad 12X
36	iPhone 15 S
37	iPhone 18 Ultra
38	iPhone 20 Ultra
39	iPhone 9X
40	Legion 10 Plus
41	Legion 11 Air
42	Legion 12 Air
43	Legion 13 Air
44	Legion 7
45	Lumix 6
46	Lumix 7
47	MacBook 5 Plus
48	Pavilion 13 Pro
49	Pavilion 14
50	Pavilion 15 Plus
51	Pixel 9 S
52	POCO 13 S
53	PowerShot 5
54	PowerShot 8
55	Realme 12X
56	Realme 20 Ultra
57	Realme 23 S
58	Realme 8 S
59	Redmi 12 Pro
60	Redmi 14
61	Redmi 16X
62	Redmi 21 Pro
63	ROG 15 Pro
64	ThinkPad 13 Pro
65	ThinkPad 4 Pro
66	ThinkPad 9
67	VivoBook 15X
68	VivoBook 6X
69	VivoBook 9 Pro
70	X-T 9 Mark II
71	Z 2 II
72	Z 3
73	Z 3 Pro
74	Z 6 Pro
75	Z 8 Mark II
76	Z 9 II
\.


--
-- TOC entry 4982 (class 0 OID 18040)
-- Dependencies: 225
-- Data for Name: operating_systems; Type: TABLE DATA; Schema: public; Owner: postgres
--

COPY public.operating_systems (os_id, os_name_id, developer, latest_version, release_date) FROM stdin;
1	2	Apple	iOS 17	2023-09-18
2	1	Google	Android 14	2023-10-04
3	3	Microsoft	23H2	2023-11-01
4	7	Apple	watchOS 10	2023-09-18
5	8	Canonical	22.04 LTS	2022-04-21
6	4	Apple	macOS Sonoma 14	2023-09-26
7	5	Huawei	HarmonyOS 4.0	2023-08-01
8	6	Google	Wear OS 4	2023-07-10
\.


--
-- TOC entry 4979 (class 0 OID 18009)
-- Dependencies: 222
-- Data for Name: os_name; Type: TABLE DATA; Schema: public; Owner: postgres
--

COPY public.os_name (os_name_id, name) FROM stdin;
1	Android
2	iOS
3	Windows 11
4	macOS Sonoma
5	HarmonyOS
6	Wear OS
7	watchOS
8	Ubuntu
9	ChromeOS
10	FreeDOS
11	Linux Mint
12	Tizen
13	Fire OS
14	KaiOS
15	Sailfish OS
16	Realme UI
17	MIUI
18	OxygenOS
19	One UI
20	ColorOS
\.


--
-- TOC entry 4975 (class 0 OID 17977)
-- Dependencies: 218
-- Data for Name: proc_model; Type: TABLE DATA; Schema: public; Owner: postgres
--

COPY public.proc_model (proc_model_id, name) FROM stdin;
1	Apple M3
2	Apple A17 Pro
3	Snapdragon 8 Gen 3
4	Snapdragon 7+ Gen 2
5	Exynos 2200
6	Dimensity 9200
7	Intel Core i9-14900HK
8	Intel Core i7-1360P
9	AMD Ryzen 9 7940HS
10	AMD Ryzen 7 7840U
11	Exynos W930
12	Snapdragon Wear 5100
13	Apple S9 SiP
14	Helio G99
15	Kirin 9000S
16	Unisoc T700
17	Pentium Silver N6000
18	Rockchip RK3566
19	Athlon Silver 7120U
20	Apple M2
\.


--
-- TOC entry 4990 (class 0 OID 18186)
-- Dependencies: 233
-- Data for Name: retailers; Type: TABLE DATA; Schema: public; Owner: postgres
--

COPY public.retailers (retailer_id, name, website, rating) FROM stdin;
1	DNS	https://www.dns-shop.ru	4.6
2	M.Video	https://www.mvideo.ru	4.5
3	Ozon	https://www.ozon.ru	4.7
4	Citilink	https://www.citilink.ru	4.4
5	Wildberries	https://www.wildberries.ru	4.3
6	Яндекс.Маркет	https://market.yandex.ru	4.6
\.


--
-- TOC entry 4986 (class 0 OID 18105)
-- Dependencies: 229
-- Data for Name: specifications; Type: TABLE DATA; Schema: public; Owner: postgres
--

COPY public.specifications (spec_id, device_id, proc_model_id, processor_cores, ram_gb, storage_gb, storage_type_id) FROM stdin;
1	1	2	4	2	64	4
2	2	19	5	16	32	1
3	3	13	6	2	64	10
4	4	18	6	32	1024	6
5	5	16	4	32	512	3
6	6	3	8	4	128	8
7	7	15	8	2	32	9
8	8	17	4	32	64	2
9	9	8	6	6	64	8
10	10	15	8	16	256	9
11	11	9	5	32	1024	2
12	12	11	7	12	512	2
13	13	18	4	6	128	4
14	14	5	4	32	32	7
15	15	8	6	6	128	9
16	16	16	4	8	128	7
17	17	8	4	32	1024	1
18	18	12	8	8	1024	6
19	19	11	5	8	64	6
20	20	15	6	6	128	4
21	21	15	6	4	32	5
22	22	7	5	6	1024	2
23	23	20	8	6	256	2
24	24	16	6	8	128	6
25	25	15	7	2	32	10
26	26	17	6	32	32	5
27	27	15	4	12	256	1
28	28	10	4	2	128	1
29	29	15	6	12	128	7
30	30	15	4	12	128	3
31	31	15	6	16	1024	5
32	32	19	5	8	1024	2
33	33	19	5	2	512	4
34	34	17	8	2	256	9
35	35	17	8	8	32	2
36	36	14	6	32	1024	7
37	37	5	8	16	256	2
38	38	14	4	6	1024	10
39	39	19	7	16	1024	7
40	40	7	5	12	64	2
41	41	15	1	2	128	4
42	42	4	4	2	32	10
43	43	5	1	2	8	9
44	44	15	3	2	128	9
45	45	13	1	2	16	1
46	46	4	4	4	128	1
47	47	19	3	1	8	6
48	48	11	3	1	32	7
49	49	6	4	2	64	1
50	50	15	1	4	16	9
51	51	10	2	4	16	6
52	52	5	2	1	64	9
53	53	1	1	1	128	5
54	54	17	1	2	16	8
55	55	2	1	2	64	10
56	56	4	4	2	32	9
57	57	1	3	2	8	7
58	58	17	4	4	8	3
59	59	10	1	4	128	7
60	60	14	3	4	64	2
61	61	10	1	2	32	8
62	62	16	3	1	8	5
63	63	14	4	4	16	4
64	64	10	1	2	32	1
65	65	1	3	2	128	7
66	66	19	3	4	128	6
67	67	18	4	2	128	9
68	68	13	2	4	32	5
69	69	18	3	2	64	8
70	70	1	3	4	32	1
71	71	18	4	1	8	3
72	72	13	2	4	8	9
73	73	13	2	4	64	6
74	74	13	2	1	32	5
75	75	11	2	2	32	3
76	76	13	1	2	128	8
77	77	19	2	2	8	8
78	78	11	4	2	16	7
79	79	19	1	2	32	8
80	80	11	4	4	8	6
\.


--
-- TOC entry 4978 (class 0 OID 18001)
-- Dependencies: 221
-- Data for Name: storage_type; Type: TABLE DATA; Schema: public; Owner: postgres
--

COPY public.storage_type (storage_type_id, name) FROM stdin;
1	SSD
2	HDD
3	eMMC
4	UFS
5	NVMe
6	microSD
7	SD
8	M.2
9	SATA
10	Flash
\.


--
-- TOC entry 4977 (class 0 OID 17993)
-- Dependencies: 220
-- Data for Name: techn_matr; Type: TABLE DATA; Schema: public; Owner: postgres
--

COPY public.techn_matr (techn_matr_id, name) FROM stdin;
1	IPS
2	OLED
3	AMOLED
4	Super AMOLED
5	TFT
6	Retina
7	PLS
8	LTPO
9	Mini-LED
10	E-Ink
\.


--
-- TOC entry 4984 (class 0 OID 18055)
-- Dependencies: 227
-- Data for Name: users; Type: TABLE DATA; Schema: public; Owner: postgres
--

COPY public.users (user_id, username, email, password_hash, created_at, is_active, is_admin) FROM stdin;
1	admin	khristoforov.v@gmail.com	scrypt:32768:8:1$LSutFNeRenChU7Ce$c1d6c8281a5d5b198987c00c99ab728edb5b7ee656c5f8684e14436ef2bdc1073cf6352b0f660cc2f567fa05dfb8232fd16d60e4487beca83eae2e942be0a297	2025-08-21 21:46:31.715926	t	t
5	user1	qwerty@haha.com	scrypt:32768:8:1$IpVxuVi95GBJoxi0$90b4ddb5935c0753acd9e8c17ac36153533c07906aeaf0fa58d4bd71c63590fedd2f46b2c5873c302209ade36ea2aaeb2e3bc01aec70d217792aaf61127bac29	2025-09-03 15:07:05.803163	t	t
\.


--
-- TOC entry 5014 (class 0 OID 0)
-- Dependencies: 249
-- Name: batteries_battery_id_seq; Type: SEQUENCE SET; Schema: public; Owner: postgres
--

SELECT pg_catalog.setval('public.batteries_battery_id_seq', 81, true);


--
-- TOC entry 5015 (class 0 OID 0)
-- Dependencies: 248
-- Name: cameras_camera_id_seq; Type: SEQUENCE SET; Schema: public; Owner: postgres
--

SELECT pg_catalog.setval('public.cameras_camera_id_seq', 81, true);


--
-- TOC entry 5016 (class 0 OID 0)
-- Dependencies: 237
-- Name: categories_category_id_seq; Type: SEQUENCE SET; Schema: public; Owner: postgres
--

SELECT pg_catalog.setval('public.categories_category_id_seq', 6, true);


--
-- TOC entry 5017 (class 0 OID 0)
-- Dependencies: 239
-- Name: color_color_id_seq; Type: SEQUENCE SET; Schema: public; Owner: postgres
--

SELECT pg_catalog.setval('public.color_color_id_seq', 22, true);


--
-- TOC entry 5018 (class 0 OID 0)
-- Dependencies: 240
-- Name: country_country_id_seq; Type: SEQUENCE SET; Schema: public; Owner: postgres
--

SELECT pg_catalog.setval('public.country_country_id_seq', 21, true);


--
-- TOC entry 5019 (class 0 OID 0)
-- Dependencies: 250
-- Name: device_retailers_device_retailer_id_seq; Type: SEQUENCE SET; Schema: public; Owner: postgres
--

SELECT pg_catalog.setval('public.device_retailers_device_retailer_id_seq', 163, true);


--
-- TOC entry 5020 (class 0 OID 0)
-- Dependencies: 236
-- Name: devices_device_id_seq; Type: SEQUENCE SET; Schema: public; Owner: postgres
--

SELECT pg_catalog.setval('public.devices_device_id_seq', 84, true);


--
-- TOC entry 5021 (class 0 OID 0)
-- Dependencies: 247
-- Name: displays_display_id_seq; Type: SEQUENCE SET; Schema: public; Owner: postgres
--

SELECT pg_catalog.setval('public.displays_display_id_seq', 81, true);


--
-- TOC entry 5022 (class 0 OID 0)
-- Dependencies: 235
-- Name: manufacturers_manufacturer_id_seq; Type: SEQUENCE SET; Schema: public; Owner: postgres
--

SELECT pg_catalog.setval('public.manufacturers_manufacturer_id_seq', 17, true);


--
-- TOC entry 5023 (class 0 OID 0)
-- Dependencies: 245
-- Name: operating_systems_os_id_seq; Type: SEQUENCE SET; Schema: public; Owner: postgres
--

SELECT pg_catalog.setval('public.operating_systems_os_id_seq', 10, true);


--
-- TOC entry 5024 (class 0 OID 0)
-- Dependencies: 241
-- Name: os_name_os_name_id_seq; Type: SEQUENCE SET; Schema: public; Owner: postgres
--

SELECT pg_catalog.setval('public.os_name_os_name_id_seq', 21, true);


--
-- TOC entry 5025 (class 0 OID 0)
-- Dependencies: 242
-- Name: proc_model_proc_model_id_seq; Type: SEQUENCE SET; Schema: public; Owner: postgres
--

SELECT pg_catalog.setval('public.proc_model_proc_model_id_seq', 22, true);


--
-- TOC entry 5026 (class 0 OID 0)
-- Dependencies: 238
-- Name: retailers_retailer_id_seq; Type: SEQUENCE SET; Schema: public; Owner: postgres
--

SELECT pg_catalog.setval('public.retailers_retailer_id_seq', 8, true);


--
-- TOC entry 5027 (class 0 OID 0)
-- Dependencies: 246
-- Name: specifications_spec_id_seq; Type: SEQUENCE SET; Schema: public; Owner: postgres
--

SELECT pg_catalog.setval('public.specifications_spec_id_seq', 82, true);


--
-- TOC entry 5028 (class 0 OID 0)
-- Dependencies: 243
-- Name: storage_type_storage_type_id_seq; Type: SEQUENCE SET; Schema: public; Owner: postgres
--

SELECT pg_catalog.setval('public.storage_type_storage_type_id_seq', 12, true);


--
-- TOC entry 5029 (class 0 OID 0)
-- Dependencies: 244
-- Name: techn_matr_techn_matr_id_seq; Type: SEQUENCE SET; Schema: public; Owner: postgres
--

SELECT pg_catalog.setval('public.techn_matr_techn_matr_id_seq', 11, true);


--
-- TOC entry 5030 (class 0 OID 0)
-- Dependencies: 226
-- Name: users_user_id_seq; Type: SEQUENCE SET; Schema: public; Owner: postgres
--

SELECT pg_catalog.setval('public.users_user_id_seq', 5, true);


--
-- TOC entry 4800 (class 2606 OID 18180)
-- Name: batteries batteries_device_id_key; Type: CONSTRAINT; Schema: public; Owner: postgres
--

ALTER TABLE ONLY public.batteries
    ADD CONSTRAINT batteries_device_id_key UNIQUE (device_id);


--
-- TOC entry 4802 (class 2606 OID 18178)
-- Name: batteries batteries_pkey; Type: CONSTRAINT; Schema: public; Owner: postgres
--

ALTER TABLE ONLY public.batteries
    ADD CONSTRAINT batteries_pkey PRIMARY KEY (battery_id);


--
-- TOC entry 4796 (class 2606 OID 18165)
-- Name: cameras cameras_device_id_key; Type: CONSTRAINT; Schema: public; Owner: postgres
--

ALTER TABLE ONLY public.cameras
    ADD CONSTRAINT cameras_device_id_key UNIQUE (device_id);


--
-- TOC entry 4798 (class 2606 OID 18163)
-- Name: cameras cameras_pkey; Type: CONSTRAINT; Schema: public; Owner: postgres
--

ALTER TABLE ONLY public.cameras
    ADD CONSTRAINT cameras_pkey PRIMARY KEY (camera_id);


--
-- TOC entry 4773 (class 2606 OID 18024)
-- Name: categories categories_pkey; Type: CONSTRAINT; Schema: public; Owner: postgres
--

ALTER TABLE ONLY public.categories
    ADD CONSTRAINT categories_pkey PRIMARY KEY (category_id);


--
-- TOC entry 4765 (class 2606 OID 17992)
-- Name: color color_pkey; Type: CONSTRAINT; Schema: public; Owner: postgres
--

ALTER TABLE ONLY public.color
    ADD CONSTRAINT color_pkey PRIMARY KEY (color_id);


--
-- TOC entry 4761 (class 2606 OID 17976)
-- Name: country country_pkey; Type: CONSTRAINT; Schema: public; Owner: postgres
--

ALTER TABLE ONLY public.country
    ADD CONSTRAINT country_pkey PRIMARY KEY (country_id);


--
-- TOC entry 4806 (class 2606 OID 18200)
-- Name: device_retailers device_retailers_pkey; Type: CONSTRAINT; Schema: public; Owner: postgres
--

ALTER TABLE ONLY public.device_retailers
    ADD CONSTRAINT device_retailers_pkey PRIMARY KEY (device_retailer_id);


--
-- TOC entry 4785 (class 2606 OID 18078)
-- Name: devices devices_pkey; Type: CONSTRAINT; Schema: public; Owner: postgres
--

ALTER TABLE ONLY public.devices
    ADD CONSTRAINT devices_pkey PRIMARY KEY (device_id);


--
-- TOC entry 4792 (class 2606 OID 18142)
-- Name: displays displays_device_id_key; Type: CONSTRAINT; Schema: public; Owner: postgres
--

ALTER TABLE ONLY public.displays
    ADD CONSTRAINT displays_device_id_key UNIQUE (device_id);


--
-- TOC entry 4794 (class 2606 OID 18140)
-- Name: displays displays_pkey; Type: CONSTRAINT; Schema: public; Owner: postgres
--

ALTER TABLE ONLY public.displays
    ADD CONSTRAINT displays_pkey PRIMARY KEY (display_id);


--
-- TOC entry 4775 (class 2606 OID 18034)
-- Name: manufacturers manufacturers_pkey; Type: CONSTRAINT; Schema: public; Owner: postgres
--

ALTER TABLE ONLY public.manufacturers
    ADD CONSTRAINT manufacturers_pkey PRIMARY KEY (manufacturer_id);


--
-- TOC entry 4809 (class 2606 OID 18235)
-- Name: model model_name_key; Type: CONSTRAINT; Schema: public; Owner: postgres
--

ALTER TABLE ONLY public.model
    ADD CONSTRAINT model_name_key UNIQUE (name);


--
-- TOC entry 4811 (class 2606 OID 18233)
-- Name: model model_pkey; Type: CONSTRAINT; Schema: public; Owner: postgres
--

ALTER TABLE ONLY public.model
    ADD CONSTRAINT model_pkey PRIMARY KEY (model_id);


--
-- TOC entry 4777 (class 2606 OID 18048)
-- Name: operating_systems operating_systems_pkey; Type: CONSTRAINT; Schema: public; Owner: postgres
--

ALTER TABLE ONLY public.operating_systems
    ADD CONSTRAINT operating_systems_pkey PRIMARY KEY (os_id);


--
-- TOC entry 4771 (class 2606 OID 18016)
-- Name: os_name os_name_pkey; Type: CONSTRAINT; Schema: public; Owner: postgres
--

ALTER TABLE ONLY public.os_name
    ADD CONSTRAINT os_name_pkey PRIMARY KEY (os_name_id);


--
-- TOC entry 4763 (class 2606 OID 17984)
-- Name: proc_model proc_model_pkey; Type: CONSTRAINT; Schema: public; Owner: postgres
--

ALTER TABLE ONLY public.proc_model
    ADD CONSTRAINT proc_model_pkey PRIMARY KEY (proc_model_id);


--
-- TOC entry 4804 (class 2606 OID 18194)
-- Name: retailers retailers_pkey; Type: CONSTRAINT; Schema: public; Owner: postgres
--

ALTER TABLE ONLY public.retailers
    ADD CONSTRAINT retailers_pkey PRIMARY KEY (retailer_id);


--
-- TOC entry 4788 (class 2606 OID 18114)
-- Name: specifications specifications_device_id_key; Type: CONSTRAINT; Schema: public; Owner: postgres
--

ALTER TABLE ONLY public.specifications
    ADD CONSTRAINT specifications_device_id_key UNIQUE (device_id);


--
-- TOC entry 4790 (class 2606 OID 18112)
-- Name: specifications specifications_pkey; Type: CONSTRAINT; Schema: public; Owner: postgres
--

ALTER TABLE ONLY public.specifications
    ADD CONSTRAINT specifications_pkey PRIMARY KEY (spec_id);


--
-- TOC entry 4769 (class 2606 OID 18008)
-- Name: storage_type storage_type_pkey; Type: CONSTRAINT; Schema: public; Owner: postgres
--

ALTER TABLE ONLY public.storage_type
    ADD CONSTRAINT storage_type_pkey PRIMARY KEY (storage_type_id);


--
-- TOC entry 4767 (class 2606 OID 18000)
-- Name: techn_matr techn_matr_pkey; Type: CONSTRAINT; Schema: public; Owner: postgres
--

ALTER TABLE ONLY public.techn_matr
    ADD CONSTRAINT techn_matr_pkey PRIMARY KEY (techn_matr_id);


--
-- TOC entry 4779 (class 2606 OID 18067)
-- Name: users users_email_key; Type: CONSTRAINT; Schema: public; Owner: postgres
--

ALTER TABLE ONLY public.users
    ADD CONSTRAINT users_email_key UNIQUE (email);


--
-- TOC entry 4781 (class 2606 OID 18063)
-- Name: users users_pkey; Type: CONSTRAINT; Schema: public; Owner: postgres
--

ALTER TABLE ONLY public.users
    ADD CONSTRAINT users_pkey PRIMARY KEY (user_id);


--
-- TOC entry 4783 (class 2606 OID 18065)
-- Name: users users_username_key; Type: CONSTRAINT; Schema: public; Owner: postgres
--

ALTER TABLE ONLY public.users
    ADD CONSTRAINT users_username_key UNIQUE (username);


--
-- TOC entry 4786 (class 1259 OID 18104)
-- Name: idx_devices_created_by; Type: INDEX; Schema: public; Owner: postgres
--

CREATE INDEX idx_devices_created_by ON public.devices USING btree (created_by);


--
-- TOC entry 4807 (class 1259 OID 18236)
-- Name: idx_model_name_ci; Type: INDEX; Schema: public; Owner: postgres
--

CREATE INDEX idx_model_name_ci ON public.model USING btree (lower((name)::text));


--
-- TOC entry 4826 (class 2606 OID 18181)
-- Name: batteries batteries_device_id_fkey; Type: FK CONSTRAINT; Schema: public; Owner: postgres
--

ALTER TABLE ONLY public.batteries
    ADD CONSTRAINT batteries_device_id_fkey FOREIGN KEY (device_id) REFERENCES public.devices(device_id) ON DELETE CASCADE;


--
-- TOC entry 4825 (class 2606 OID 18166)
-- Name: cameras cameras_device_id_fkey; Type: FK CONSTRAINT; Schema: public; Owner: postgres
--

ALTER TABLE ONLY public.cameras
    ADD CONSTRAINT cameras_device_id_fkey FOREIGN KEY (device_id) REFERENCES public.devices(device_id) ON DELETE CASCADE;


--
-- TOC entry 4827 (class 2606 OID 18201)
-- Name: device_retailers device_retailers_device_id_fkey; Type: FK CONSTRAINT; Schema: public; Owner: postgres
--

ALTER TABLE ONLY public.device_retailers
    ADD CONSTRAINT device_retailers_device_id_fkey FOREIGN KEY (device_id) REFERENCES public.devices(device_id) ON DELETE CASCADE;


--
-- TOC entry 4828 (class 2606 OID 18206)
-- Name: device_retailers device_retailers_retailer_id_fkey; Type: FK CONSTRAINT; Schema: public; Owner: postgres
--

ALTER TABLE ONLY public.device_retailers
    ADD CONSTRAINT device_retailers_retailer_id_fkey FOREIGN KEY (retailer_id) REFERENCES public.retailers(retailer_id);


--
-- TOC entry 4814 (class 2606 OID 18084)
-- Name: devices devices_category_id_fkey; Type: FK CONSTRAINT; Schema: public; Owner: postgres
--

ALTER TABLE ONLY public.devices
    ADD CONSTRAINT devices_category_id_fkey FOREIGN KEY (category_id) REFERENCES public.categories(category_id);


--
-- TOC entry 4815 (class 2606 OID 18094)
-- Name: devices devices_color_id_fkey; Type: FK CONSTRAINT; Schema: public; Owner: postgres
--

ALTER TABLE ONLY public.devices
    ADD CONSTRAINT devices_color_id_fkey FOREIGN KEY (color_id) REFERENCES public.color(color_id);


--
-- TOC entry 4816 (class 2606 OID 18099)
-- Name: devices devices_created_by_fk; Type: FK CONSTRAINT; Schema: public; Owner: postgres
--

ALTER TABLE ONLY public.devices
    ADD CONSTRAINT devices_created_by_fk FOREIGN KEY (created_by) REFERENCES public.users(user_id) ON DELETE SET NULL;


--
-- TOC entry 4817 (class 2606 OID 18079)
-- Name: devices devices_manufacturer_id_fkey; Type: FK CONSTRAINT; Schema: public; Owner: postgres
--

ALTER TABLE ONLY public.devices
    ADD CONSTRAINT devices_manufacturer_id_fkey FOREIGN KEY (manufacturer_id) REFERENCES public.manufacturers(manufacturer_id);


--
-- TOC entry 4818 (class 2606 OID 18089)
-- Name: devices devices_os_id_fkey; Type: FK CONSTRAINT; Schema: public; Owner: postgres
--

ALTER TABLE ONLY public.devices
    ADD CONSTRAINT devices_os_id_fkey FOREIGN KEY (os_id) REFERENCES public.operating_systems(os_id);


--
-- TOC entry 4823 (class 2606 OID 18143)
-- Name: displays displays_device_id_fkey; Type: FK CONSTRAINT; Schema: public; Owner: postgres
--

ALTER TABLE ONLY public.displays
    ADD CONSTRAINT displays_device_id_fkey FOREIGN KEY (device_id) REFERENCES public.devices(device_id) ON DELETE CASCADE;


--
-- TOC entry 4824 (class 2606 OID 18148)
-- Name: displays displays_techn_matr_id_fkey; Type: FK CONSTRAINT; Schema: public; Owner: postgres
--

ALTER TABLE ONLY public.displays
    ADD CONSTRAINT displays_techn_matr_id_fkey FOREIGN KEY (techn_matr_id) REFERENCES public.techn_matr(techn_matr_id);


--
-- TOC entry 4819 (class 2606 OID 18237)
-- Name: devices fk_devices_model; Type: FK CONSTRAINT; Schema: public; Owner: postgres
--

ALTER TABLE ONLY public.devices
    ADD CONSTRAINT fk_devices_model FOREIGN KEY (model_id) REFERENCES public.model(model_id);


--
-- TOC entry 4812 (class 2606 OID 18035)
-- Name: manufacturers manufacturers_country_id_fkey; Type: FK CONSTRAINT; Schema: public; Owner: postgres
--

ALTER TABLE ONLY public.manufacturers
    ADD CONSTRAINT manufacturers_country_id_fkey FOREIGN KEY (country_id) REFERENCES public.country(country_id);


--
-- TOC entry 4813 (class 2606 OID 18049)
-- Name: operating_systems operating_systems_os_name_id_fkey; Type: FK CONSTRAINT; Schema: public; Owner: postgres
--

ALTER TABLE ONLY public.operating_systems
    ADD CONSTRAINT operating_systems_os_name_id_fkey FOREIGN KEY (os_name_id) REFERENCES public.os_name(os_name_id);


--
-- TOC entry 4820 (class 2606 OID 18115)
-- Name: specifications specifications_device_id_fkey; Type: FK CONSTRAINT; Schema: public; Owner: postgres
--

ALTER TABLE ONLY public.specifications
    ADD CONSTRAINT specifications_device_id_fkey FOREIGN KEY (device_id) REFERENCES public.devices(device_id) ON DELETE CASCADE;


--
-- TOC entry 4821 (class 2606 OID 18120)
-- Name: specifications specifications_proc_model_id_fkey; Type: FK CONSTRAINT; Schema: public; Owner: postgres
--

ALTER TABLE ONLY public.specifications
    ADD CONSTRAINT specifications_proc_model_id_fkey FOREIGN KEY (proc_model_id) REFERENCES public.proc_model(proc_model_id);


--
-- TOC entry 4822 (class 2606 OID 18125)
-- Name: specifications specifications_storage_type_id_fkey; Type: FK CONSTRAINT; Schema: public; Owner: postgres
--

ALTER TABLE ONLY public.specifications
    ADD CONSTRAINT specifications_storage_type_id_fkey FOREIGN KEY (storage_type_id) REFERENCES public.storage_type(storage_type_id);


-- Completed on 2025-09-07 20:33:29

--
-- PostgreSQL database dump complete
--

